"link","showname","seasons","episodes","rating","poster"
"https://seriesgraph.com/show/64464-112263","11.22.63","1","8","8.0","https://image.tmdb.org/t/p/w400/1fH41ccMKvgDTbbcCxWWH6fznah.jpg"
"https://seriesgraph.com/show/103992-a-teacher","A Teacher","1","10","6.8","https://image.tmdb.org/t/p/w400/rH2eEuThzRQh87Uxz6SY3BuVNBD.jpg"
"https://seriesgraph.com/show/2429-aaahh-real-monsters","Aaahh!!! Real Monsters","4","13","7.2","https://image.tmdb.org/t/p/w400/fnh1Mi108eNKayutKLSqesFgaRv.jpg"
"https://seriesgraph.com/show/133727-acapulco","Acapulco","4","10","7.8","https://image.tmdb.org/t/p/w400/gzBkO4zFr75A13GKnjvTeg25pze.jpg"
"https://seriesgraph.com/show/249042-adolescence","Adolescence","1","4","8.1","https://image.tmdb.org/t/p/w400/20i4nShZZg1g1VFHSB8xpaYM4r7.jpg"
"https://seriesgraph.com/show/138501-agatha-all-along","Agatha All Along","1","9","7.2","https://image.tmdb.org/t/p/w400/mGsxKwXUjojitRv2E9qMTbxbBRd.jpg"
"https://seriesgraph.com/show/114461-ahsoka","Ahsoka","2","8","7.4","https://image.tmdb.org/t/p/w400/eiJeWeCAEZAmRppnXHiTWDcCd3Q.jpg"
"https://seriesgraph.com/show/70637-akashic-records-of-bastard-magic-instructor","Akashic Records of Bastard Magic Instructor","1","12","7.0","https://image.tmdb.org/t/p/w400/hTsIeYiZF1DJN1alsgVgk8iA5ci.jpg"
"https://seriesgraph.com/show/99799-alex-rider","Alex Rider","3","8","7.5","https://image.tmdb.org/t/p/w400/7VkzkvA0XckUClWrlkt4fnmTrkL.jpg"
"https://seriesgraph.com/show/39362-alphas","Alphas","2","13","7.2","https://image.tmdb.org/t/p/w400/1k2AG40UCvBGZTg6Kicsz1c9QSu.jpg"
"https://seriesgraph.com/show/116450-and-just-like-that","And Just Like That…","3","12","5.6","https://image.tmdb.org/t/p/w400/2b6E0pN19IGsmxSv6HyTKydKKdb.jpg"
"https://seriesgraph.com/show/42942-angel-beats","Angel Beats!","1","15","7.6","https://image.tmdb.org/t/p/w400/wz1PuXrg5ERQvyXKex3cGDie2hj.jpg"
"https://seriesgraph.com/show/39434-anohana-the-flower-we-saw-that-day","AnoHana: The Flower We Saw That Day","1","11","8.1","https://image.tmdb.org/t/p/w400/2tgOAvOttp7rak3r2U5vIAaeyDt.jpg"
"https://seriesgraph.com/show/65495-atlanta","Atlanta","4","11","8.6","https://image.tmdb.org/t/p/w400/8HZyGMnPLVVb00rmrh6A2SbK9NX.jpg"
"https://seriesgraph.com/show/670-baby-looney-tunes","Baby Looney Tunes","2","40","6.2","https://image.tmdb.org/t/p/w400/l7SLxIuRdyrpIVWSEDBdtxCOSCI.jpg"
"https://seriesgraph.com/show/80623-baki","BAKI","2","26","6.8","https://image.tmdb.org/t/p/w400/j4bL0G8h8k49MuXKYfZqhXqk2rI.jpg"
"https://seriesgraph.com/show/80564-banana-fish","Banana Fish","","24","8.1","https://image.tmdb.org/t/p/w400/d2TW5Rtd0uCasHlQygsDfWCROl2.jpg"
"https://seriesgraph.com/show/44606-beauty-and-the-beast","Beauty and the Beast","4","22","7.0","https://image.tmdb.org/t/p/w400/6rZ2I1xRemLORb65spepVmsvnf7.jpg"
"https://seriesgraph.com/show/61695-beyond-the-boundary","Beyond the Boundary","2","13","7.2","https://image.tmdb.org/t/p/w400/6cmtMbEZAYm3aWzthFRk6048LFi.jpg"
"https://seriesgraph.com/show/96716-big-shot","Big Shot","2","10","7.4","https://image.tmdb.org/t/p/w400/yBFqTVoQsFg53ein34BKbn7SU8Z.jpg"
"https://seriesgraph.com/show/31356-big-time-rush","Big Time Rush","4","27","6.6","https://image.tmdb.org/t/p/w400/34y5JjZYj2paoxA0RXEppU5LRpb.jpg"
"https://seriesgraph.com/show/61986-bloodline","Bloodline","3","13","7.8","https://image.tmdb.org/t/p/w400/uEaqgEjAShqrziUia4XBzvXXGXP.jpg"
"https://seriesgraph.com/show/225180-blue-eye-samurai","BLUE EYE SAMURAI","2","8","8.7","https://image.tmdb.org/t/p/w400/fXm3JT4WLQVnwukdvghtAblc1wc.jpg"
"https://seriesgraph.com/show/92592-bna","BNA","1","12","7.1","https://image.tmdb.org/t/p/w400/fwFYXaQz0mrY8v1HDky2wJsYa7t.jpg"
"https://seriesgraph.com/show/80307-bodyguard","Bodyguard","1","6","8.0","https://image.tmdb.org/t/p/w400/5DUJTrHTRLHLCKWriPhdusQogAv.jpg"
"https://seriesgraph.com/show/70881-boruto-naruto-next-generations","Boruto: Naruto Next Generations","","293","6.3","https://image.tmdb.org/t/p/w400/e0B6i48kxdRkMcK4tR4YNfXGWOc.jpg"
"https://seriesgraph.com/show/16420-boys-over-flowers","Boys Over Flowers","","25","7.7","https://image.tmdb.org/t/p/w400/ty8uAV6ihcpw6yfYoMxTulXZRYA.jpg"
"https://seriesgraph.com/show/45815-brazil-avenue","Brazil Avenue","","179","8.4","https://image.tmdb.org/t/p/w400/3wH4kZ0hdoizAcgqCgp3gUD1fFq.jpg"
"https://seriesgraph.com/show/1427-broadchurch","Broadchurch","3","8","8.3","https://image.tmdb.org/t/p/w400/2NhBFUTg5KVBmGwafxtLwVdsqrr.jpg"
"https://seriesgraph.com/show/9160-candy-candy","Candy Candy","","115","8.0","https://image.tmdb.org/t/p/w400/uO9V1FkqLTJdAodHn9Sdg3Nwy1.jpg"
"https://seriesgraph.com/show/25707-captain-tsubasa","Captain Tsubasa","6","47","7.9","https://image.tmdb.org/t/p/w400/qHVVaYYlD509eh1V4LYE0M927uw.jpg"
"https://seriesgraph.com/show/185-carnivle","Carnivàle","2","12","8.4","https://image.tmdb.org/t/p/w400/5pKvfZ3qLuKJd8PQfKcPxN9jTO9.jpg"
"https://seriesgraph.com/show/71024-castlevania","Castlevania","4","10","8.3","https://image.tmdb.org/t/p/w400/WzFHnJY44uDERER0xi1jOdoafT.jpg"
"https://seriesgraph.com/show/1567-catdog","CatDog","3","33","6.5","https://image.tmdb.org/t/p/w400/fkSCg9negcHAVO3gXohqEidqrsX.jpg"
"https://seriesgraph.com/show/79611-charmed","Charmed","4","22","4.8","https://image.tmdb.org/t/p/w400/doXHjfOtEmX8kEq1tsMnNqq9YLZ.jpg"
"https://seriesgraph.com/show/9907-chowder","Chowder","3","28","7.3","https://image.tmdb.org/t/p/w400/4H5diUE5bKp9dxcisJ3wbZzvAg7.jpg"
"https://seriesgraph.com/show/114922-citadel","Citadel","2","7","6.2","https://image.tmdb.org/t/p/w400/rIuJpbBcZjROIqvu9OKr3psP0zv.jpg"
"https://seriesgraph.com/show/34791-claymore","Claymore","","26","8.0","https://image.tmdb.org/t/p/w400/rQt8X4kjBxah0laGwUVJISf1086.jpg"
"https://seriesgraph.com/show/84503-close-enough","Close Enough","3","8","7.8","https://image.tmdb.org/t/p/w400/8aNYMcMyhv1m0MKibgCVmJrAeLs.jpg"
"https://seriesgraph.com/show/58474-cosmos","Cosmos","1","13","9.2","https://image.tmdb.org/t/p/w400/5o07ps0QZ0bNoRYxTn9cPdRWlUu.jpg"
"https://seriesgraph.com/show/63646-counterpart","Counterpart","2","10","8.0","https://image.tmdb.org/t/p/w400/fVTpkoTkl7LJSoVCnuoHRPJvS4o.jpg"
"https://seriesgraph.com/show/84469-cowboy-bebop","Cowboy Bebop","1","10","6.7","https://image.tmdb.org/t/p/w400/lSsCxZ1dnjcB4cmXSgMJt5qunOu.jpg"
"https://seriesgraph.com/show/219543-creature-commandos","Creature Commandos","2","7","7.8","https://image.tmdb.org/t/p/w400/bB3G6Ug1jfsOUptb0RJsqrgMVta.jpg"
"https://seriesgraph.com/show/86686-creepshow","Creepshow","4","8","7.0","https://image.tmdb.org/t/p/w400/fassm77VqtSDHv9x17eJ3DkGVml.jpg"
"https://seriesgraph.com/show/122194-csi-vegas","CSI: Vegas","3","21","7.4","https://image.tmdb.org/t/p/w400/8DtOnaOQPiptM9umpV0Xntwv9t3.jpg"
"https://seriesgraph.com/show/105248-cyberpunk-edgerunners","Cyberpunk: Edgerunners","2","10","8.3","https://image.tmdb.org/t/p/w400/lqcDVZ8pyk08AVftMBildDR3QUK.jpg"
"https://seriesgraph.com/show/2309-danny-phantom","Danny Phantom","3","20","7.2","https://image.tmdb.org/t/p/w400/pBUOFBmZLaIxzjDjQP7d3QZrd4w.jpg"
"https://seriesgraph.com/show/2131-daria","Daria","5","14","8.1","https://image.tmdb.org/t/p/w400/w1Z3VI1aunE4yy88USAhGGVdazo.jpg"
"https://seriesgraph.com/show/62425-dark-matter","Dark Matter","3","13","7.5","https://image.tmdb.org/t/p/w400/oWYOFBvIMkW64n51uD4mdje6k2u.jpg"
"https://seriesgraph.com/show/196322-dark-matter","Dark Matter","2","10","7.6","https://image.tmdb.org/t/p/w400/c6MRUtPk0nEPQ9FBD9RdRKt2rIm.jpg"
"https://seriesgraph.com/show/3319-darkwing-duck","Darkwing Duck","2","78","7.6","https://image.tmdb.org/t/p/w400/1gJMSXS0gwM8gDJnzVSITcxbQc.jpg"
"https://seriesgraph.com/show/2566-dead-like-me","Dead Like Me","2","15","8.1","https://image.tmdb.org/t/p/w400/92pJimSg6exk0Dt5u5XB1O5DZtz.jpg"
"https://seriesgraph.com/show/81357-dead-to-me","Dead to Me","3","10","7.9","https://image.tmdb.org/t/p/w400/mAj18PHeACxqcrEus4pD8pksRmB.jpg"
"https://seriesgraph.com/show/51704-defiance","Defiance","3","13","7.0","https://image.tmdb.org/t/p/w400/4Xo2D2MX8v4FoHi70Y9jEghJGUI.jpg"
"https://seriesgraph.com/show/206164-dejmonos-de-vargas","Dejémonos de Vargas","","74","6.3","https://image.tmdb.org/t/p/w400/d0bthLld2QnL0qAoeSkfDa639pz.jpg"
"https://seriesgraph.com/show/65143-descendants-of-the-sun","Descendants of the Sun","","19","8.2","https://image.tmdb.org/t/p/w400/s1zXuYyMMrgpet6BBrMqGlHnvc8.jpg"
"https://seriesgraph.com/show/235930-devil-may-cry","Devil May Cry","2","8","7.4","https://image.tmdb.org/t/p/w400/mX9tqfpjqwreONJHhap7SnSSowe.jpg"
"https://seriesgraph.com/show/75208-devilman-crybaby","Devilman Crybaby","1","10","7.6","https://image.tmdb.org/t/p/w400/2pQ9xfgDa3L3QpoXfkNhISby2R4.jpg"
"https://seriesgraph.com/show/219937-dexter-original-sin","Dexter: Original Sin","1","10","8.2","https://image.tmdb.org/t/p/w400/j5bP7spdfS0NpDLKDlqJYyJPi1j.jpg"
"https://seriesgraph.com/show/89901-dickinson","Dickinson","3","10","7.6","https://image.tmdb.org/t/p/w400/dDdcAfHBZ6Aalv53iR6o35CSLWA.jpg"
"https://seriesgraph.com/show/302463-dinasta-casillas","Dinastía Casillas","","92","8.4","https://image.tmdb.org/t/p/w400/5xFzmTTC4ITaFkiwzohTK1UUNX3.jpg"
"https://seriesgraph.com/show/12568-distilling-love","Distilling Love","","170","6.6","https://image.tmdb.org/t/p/w400/L3MPoQSvfbHZAJEdskXTM1vdHi.jpg"
"https://seriesgraph.com/show/14956-dollhouse","Dollhouse","2","13","7.7","https://image.tmdb.org/t/p/w400/oq5WPzUn7R0YcIk7QGwpXqvgSWO.jpg"
"https://seriesgraph.com/show/5459-dont-mess-with-the-angel","Don't Mess with the Angel","","194","6.6","https://image.tmdb.org/t/p/w400/8lVsyvIfxEDYUfZTZ3weIwQCu6j.jpg"
"https://seriesgraph.com/show/39331-dont-trust-the-b-in-apartment-23","Don't Trust the B---- in Apartment 23","2","19","7.3","https://image.tmdb.org/t/p/w400/ice3QRGMPs7JpwV8Fb8BpfWtYxP.jpg"
"https://seriesgraph.com/show/83100-dororo","Dororo","","24","8.2","https://image.tmdb.org/t/p/w400/2qSzgSE80OFrfgg5UFYbATdCQ6t.jpg"
"https://seriesgraph.com/show/118956-dota-dragons-blood","DOTA: Dragon's Blood","3","8","7.7","https://image.tmdb.org/t/p/w400/s1wP1YeQS9fgSHiXZ3yJb2ufB2D.jpg"
"https://seriesgraph.com/show/236994-dragon-ball-daima","Dragon Ball DAIMA","","20","7.8","https://image.tmdb.org/t/p/w400/8tpLyWAmYhe1D0d62gV3CWFDu2f.jpg"
"https://seriesgraph.com/show/62715-dragon-ball-super","Dragon Ball Super","","131","8.3","https://image.tmdb.org/t/p/w400/qEUrbXJ2qt4Rg84Btlx4STOhgte.jpg"
"https://seriesgraph.com/show/61709-dragon-ball-z-kai","Dragon Ball Z Kai","2","98","8.3","https://image.tmdb.org/t/p/w400/ykl67ghR2ug6KGFH3CQcI01pzQJ.jpg"
"https://seriesgraph.com/show/4336-drawn-together","Drawn Together","3","15","7.1","https://image.tmdb.org/t/p/w400/xhshQ2WgAa5zyXqwRcxKMDwRBGd.jpg"
"https://seriesgraph.com/show/44305-dreamworks-dragons","DreamWorks Dragons","2","20","7.9","https://image.tmdb.org/t/p/w400/gFhBIF8oXjpdVk1NbI4kP4l8LAe.jpg"
"https://seriesgraph.com/show/90228-dune-prophecy","Dune: Prophecy","2","8","7.3","https://image.tmdb.org/t/p/w400/oWVohNsxkxA3u92EzRo8fTuXIS0.jpg"
"https://seriesgraph.com/show/8624-eastbound-down","Eastbound & Down","4","8","8.2","https://image.tmdb.org/t/p/w400/grAnpm6mv6aipoGeS0yS6RuTZSG.jpg"
"https://seriesgraph.com/show/122226-echo","Echo","1","5","5.9","https://image.tmdb.org/t/p/w400/vFyJH630cF68LohVYjQW49074Sy.jpg"
"https://seriesgraph.com/show/606-ed-edd-n-eddy","Ed, Edd n Eddy","6","23","7.4","https://image.tmdb.org/t/p/w400/nfKenwmfmdtoXGhaYiDIftrBchw.jpg"
"https://seriesgraph.com/show/31268-el-capo","El Capo","4","90","7.2","https://image.tmdb.org/t/p/w400/hTwfFidPtRU3BUH8mK90jWyPyBr.jpg"
"https://seriesgraph.com/show/71411-el-chapo","El Chapo","3","13","7.8","https://image.tmdb.org/t/p/w400/3FzlvQ5Ea35Zdz71Ye7JSvB6VdB.jpg"
"https://seriesgraph.com/show/13023-el-chapuln-colorado","El Chapulín Colorado","7","42","8.5","https://image.tmdb.org/t/p/w400/rcLjSvfQVxE27TidowGra2A3aYq.jpg"
"https://seriesgraph.com/show/58111-extant","Extant","2","13","6.5","https://image.tmdb.org/t/p/w400/nFwqHXoP1FxFbd8G8dY13y9bfAX.jpg"
"https://seriesgraph.com/show/197067-extraordinary-attorney-woo","Extraordinary Attorney Woo","","16","8.5","https://image.tmdb.org/t/p/w400/zuNOQVI4rEaqwknrfQUVKtlKE2C.jpg"
"https://seriesgraph.com/show/2693-extras","Extras","2","7","8.3","https://image.tmdb.org/t/p/w400/oxiA2O4wRBCOzvfxYjNKZQuitQc.jpg"
"https://seriesgraph.com/show/46261-fairy-tail","Fairy Tail","8","54","7.8","https://image.tmdb.org/t/p/w400/h50lj7xO65qafNYZCrfQ7ztkMBD.jpg"
"https://seriesgraph.com/show/82809-false-identity","False Identity","2","91","7.0","https://image.tmdb.org/t/p/w400/rGIVID9KFrE6oMOtqost2Ccd9Co.jpg"
"https://seriesgraph.com/show/61415-fatestay-night-unlimited-blade-works","Fate/stay night [Unlimited Blade Works]","2","14","8.0","https://image.tmdb.org/t/p/w400/jyqi5BkDoKKIA2WAoz3HBtRHld3.jpg"
"https://seriesgraph.com/show/97175-fate-the-winx-saga","Fate: The Winx Saga","2","7","6.8","https://image.tmdb.org/t/p/w400/oHj6guMrLfQcBzo3uxwBJc8Y736.jpg"
"https://seriesgraph.com/show/87049-firefly-lane","Firefly Lane","2","16","7.7","https://image.tmdb.org/t/p/w400/2AavbPEEXzyy7Smyusozyz48T1n.jpg"
"https://seriesgraph.com/show/19092-flashforward","FlashForward","","22","7.6","https://image.tmdb.org/t/p/w400/7iu2HJ8ZSNbBgFLi42JNcuPjBax.jpg"
"https://seriesgraph.com/show/5895-flcl","FLCL","1","6","8.1","https://image.tmdb.org/t/p/w400/FkgA8CcmiLJGVCRYRQ2g2UfVtF.jpg"
"https://seriesgraph.com/show/67070-fleabag","Fleabag","2","6","8.7","https://image.tmdb.org/t/p/w400/27vEYsRKa3eAniwmoccOoluEXQ1.jpg"
"https://seriesgraph.com/show/62273-food-wars-shokugeki-no-soma","Food Wars! Shokugeki no Soma","5","26","8.0","https://image.tmdb.org/t/p/w400/eAQHqcJXP0FBzXvQkIV5g5ZueZb.jpg"
"https://seriesgraph.com/show/60726-forever","Forever","","22","8.2","https://image.tmdb.org/t/p/w400/4OnnU4j2tQEOnsPnRZswW91v9vr.jpg"
"https://seriesgraph.com/show/87083-formula-1-drive-to-survive","Formula 1: Drive to Survive","9","10","8.5","https://image.tmdb.org/t/p/w400/xGOGjJFYYeRSoOpnhN9IHZTXIxj.jpg"
"https://seriesgraph.com/show/1720-fosters-home-for-imaginary-friends","Foster's Home for Imaginary Friends","6","21","7.5","https://image.tmdb.org/t/p/w400/kj6oGL4qqFDY8PGmTloqGQ2TblS.jpg"
"https://seriesgraph.com/show/2382-freaks-and-geeks","Freaks and Geeks","","18","8.8","https://image.tmdb.org/t/p/w400/tPqV63zcW6ZV0Hd48DMGb5UzQIG.jpg"
"https://seriesgraph.com/show/60626-from-dusk-till-dawn-the-series","From Dusk Till Dawn: The Series","3","10","6.8","https://image.tmdb.org/t/p/w400/pAfTOb7lHvRlTa86jw99nM8iU3K.jpg"
"https://seriesgraph.com/show/73157-future-man","Future Man","3","13","7.6","https://image.tmdb.org/t/p/w400/49mOgAEa4eKpPsoBH8UvvXwEMDT.jpg"
"https://seriesgraph.com/show/85021-gangs-of-london","Gangs of London","4","9","8.0","https://image.tmdb.org/t/p/w400/fVgwa6wGw9ddGM5O7mqrrwB6gHK.jpg"
"https://seriesgraph.com/show/1095-ghost-in-the-shell-stand-alone-complex","Ghost in the Shell: Stand Alone Complex","2","26","8.5","https://image.tmdb.org/t/p/w400/6UH2vJryPpQp38noqvchu3uEeqX.jpg"
"https://seriesgraph.com/show/34105-golden-boy","Golden Boy","1","6","8.0","https://image.tmdb.org/t/p/w400/ahkQ6qnqouwZw7nro2YDEYLzrNn.jpg"
"https://seriesgraph.com/show/67389-golden-time","Golden Time","","24","7.6","https://image.tmdb.org/t/p/w400/8HfxpBAOTNbWRemKwaLKNRjzaiy.jpg"
"https://seriesgraph.com/show/95249-gossip-girl","Gossip Girl","2","12","5.4","https://image.tmdb.org/t/p/w400/4XmRg3iF1drIikTzRLUfn7cJDio.jpg"
"https://seriesgraph.com/show/83659-guillermo-del-toros-cabinet-of-curiosities","Guillermo del Toro's Cabinet of Curiosities","1","8","7.0","https://image.tmdb.org/t/p/w400/a91e9hpWwfCqxJI4xM9Q2RhuxgI.jpg"
"https://seriesgraph.com/show/54155-hanna","Hanna","3","8","7.6","https://image.tmdb.org/t/p/w400/iYUtjx1EN4SVTgxd2TB4cZTGSQb.jpg"
"https://seriesgraph.com/show/61244-happy-valley","Happy Valley","3","6","8.5","https://image.tmdb.org/t/p/w400/xZK5iQSrn2mouZEk2PwyLPCwa4u.jpg"
"https://seriesgraph.com/show/124834-heartstopper","Heartstopper","3","8","8.5","https://image.tmdb.org/t/p/w400/wJJt1HG62h3WoGnLcRIbO2nNNkg.jpg"
"https://seriesgraph.com/show/42295-hemlock-grove","Hemlock Grove","3","13","7.0","https://image.tmdb.org/t/p/w400/sjGOYM7GTG03aWUZIFOUiFDTeoL.jpg"
"https://seriesgraph.com/show/87623-hercai","Hercai","3","38","6.6","https://image.tmdb.org/t/p/w400/6VGJ281Lk2gbrTqZlegKqevzG7D.jpg"
"https://seriesgraph.com/show/85801-high-school-musical-the-musical-the-series","High School Musical: The Musical: The Series","4","12","7.1","https://image.tmdb.org/t/p/w400/2KmbFkZD42I8Q7IZy4WxmZm9W6O.jpg"
"https://seriesgraph.com/show/67126-himouto-umaru-chan","Himouto! Umaru-chan","2","14","7.1","https://image.tmdb.org/t/p/w400/3Vif9pWDEWtQg0gTREOV4lBEBCP.jpg"
"https://seriesgraph.com/show/259731-his-hers","HIS & HERS","1","6","7.1","https://image.tmdb.org/t/p/w400/cDSXLVQLkCSBIpBx3UW04TsfZ5c.jpg"
"https://seriesgraph.com/show/98161-home-before-dark","Home Before Dark","2","10","7.4","https://image.tmdb.org/t/p/w400/mt4P2epJrSaqrlkMP9fTUKLP9OE.jpg"
"https://seriesgraph.com/show/128883-hometown-cha-cha-cha","Hometown Cha-Cha-Cha","","16","8.3","https://image.tmdb.org/t/p/w400/en6lrlJ1DhyvkeZEqrk3R6EJz1p.jpg"
"https://seriesgraph.com/show/62822-humans","Humans","3","8","7.9","https://image.tmdb.org/t/p/w400/iBjjSGgnjAQBSQGO9pYIh7Gp2PO.jpg"
"https://seriesgraph.com/show/119243-icarly","iCarly","3","13","6.7","https://image.tmdb.org/t/p/w400/tM4P2RNIIFzFJi7UngNVB80sRCp.jpg"
"https://seriesgraph.com/show/80743-insatiable","Insatiable","2","12","6.5","https://image.tmdb.org/t/p/w400/lHZ4xqGQlmyiFTOVtwnNpTcZgkd.jpg"
"https://seriesgraph.com/show/97727-inside-job","Inside Job","2","10","7.7","https://image.tmdb.org/t/p/w400/qwJUDMJ4i3KBYjeUFK9Js87iJEa.jpg"
"https://seriesgraph.com/show/96444-interspecies-reviewers","Interspecies Reviewers","1","12","7.1","https://image.tmdb.org/t/p/w400/xJZwaZAXoon6wxkgXiWQNEeyW4C.jpg"
"https://seriesgraph.com/show/128098-interview-with-the-vampire","Interview with the Vampire","3","8","7.6","https://image.tmdb.org/t/p/w400/Afv4pPhqVMg2wOmhuDLiGUw4r4O.jpg"
"https://seriesgraph.com/show/47450-into-the-badlands","Into the Badlands","3","16","7.9","https://image.tmdb.org/t/p/w400/jtceMKMxHSriLFUGAUfqHsW7uCo.jpg"
"https://seriesgraph.com/show/19614-it","It","1","2","6.8","https://image.tmdb.org/t/p/w400/4ybQ6gopB3H3cu0seVZLznDnIKo.jpg"
"https://seriesgraph.com/show/96462-its-okay-to-not-be-okay","It's Okay to Not Be Okay","","16","8.6","https://image.tmdb.org/t/p/w400/8XSJfLeImX8NszDUFnK1lbseCi8.jpg"
"https://seriesgraph.com/show/365-jericho","Jericho","2","22","7.9","https://image.tmdb.org/t/p/w400/a57H9UsS388Av2LSLKO9inNmY7j.jpg"
"https://seriesgraph.com/show/19649-jesus-of-nazareth","Jesus of Nazareth","1","4","8.5","https://image.tmdb.org/t/p/w400/dlGmVpZ2rpGRDZsSa64nzyu90xk.jpg"
"https://seriesgraph.com/show/93741-jurassic-world-camp-cretaceous","Jurassic World Camp Cretaceous","5","12","7.5","https://image.tmdb.org/t/p/w400/nkCbCmlwjwT6QL44DqG7qE9ch8H.jpg"
"https://seriesgraph.com/show/1618-justice-league","Justice League","2","26","8.5","https://image.tmdb.org/t/p/w400/caIAQIoM9NLZofT8fz8t47W1gYe.jpg"
"https://seriesgraph.com/show/62741-kamisama-kiss","Kamisama Kiss","2","13","8.1","https://image.tmdb.org/t/p/w400/5E7GL8KxpFemEFl3Lv8Fu4RuSwa.jpg"
"https://seriesgraph.com/show/62413-killjoys","Killjoys","5","10","7.2","https://image.tmdb.org/t/p/w400/xnQ7WVAxlk9UAVWDLDeYGTKRaOf.jpg"
"https://seriesgraph.com/show/70593-kingdom","Kingdom","2","6","8.3","https://image.tmdb.org/t/p/w400/AsICtiVtz4icMQQRwDvOzfaTzjK.jpg"
"https://seriesgraph.com/show/15655-knight-rider","Knight Rider","","17","5.6","https://image.tmdb.org/t/p/w400/e93H0P6GYoDUhHR5uCdmfLDAvKt.jpg"
"https://seriesgraph.com/show/45783-kurokos-basketball","Kuroko's Basketball","3","26","8.2","https://image.tmdb.org/t/p/w400/qi8dlAgQEeahpEn1AOb5BJEOcVB.jpg"
"https://seriesgraph.com/show/219-kyle-xy","Kyle XY","3","23","7.4","https://image.tmdb.org/t/p/w400/4omwjf3HgGx4nZXcA0Avmd9bQny.jpg"
"https://seriesgraph.com/show/68878-la-doa","La Doña","2","121","7.2","https://image.tmdb.org/t/p/w400/xPe11sREBZIPUB1SnwckuElru1h.jpg"
"https://seriesgraph.com/show/11721-la-fea-ms-bella","La fea más bella","","300","5.8","https://image.tmdb.org/t/p/w400/iLjqdtSIMiodUlcSqRJ4JEW5gG1.jpg"
"https://seriesgraph.com/show/31586-la-reina-del-sur","La Reina del Sur","3","63","7.8","https://image.tmdb.org/t/p/w400/1qCGOuNVOlaBb7MMDen6CLzp0UE.jpg"
"https://seriesgraph.com/show/35527-la-tormenta","La tormenta","","216","6.9","https://image.tmdb.org/t/p/w400/9qyd6CVZPrb0OzFtsRo6RBZauZz.jpg"
"https://seriesgraph.com/show/67195-legion","Legion","3","11","8.1","https://image.tmdb.org/t/p/w400/xhJtYVTsdXQCIlB5hAXkMCPUG9y.jpg"
"https://seriesgraph.com/show/117303-lessons-in-chemistry","Lessons in Chemistry","1","8","8.2","https://image.tmdb.org/t/p/w400/tCPIf5f6jUIr8KDMWsfaXwXW0kl.jpg"
"https://seriesgraph.com/show/4575-lizzie-mcguire","Lizzie McGuire","2","34","6.6","https://image.tmdb.org/t/p/w400/1ZOelP1XNP8eCwkhJvwRyVU9Ymd.jpg"
"https://seriesgraph.com/show/86423-locke-key","Locke & Key","3","10","7.3","https://image.tmdb.org/t/p/w400/zuxGfRKziGHPogipnEXXykdDmyT.jpg"
"https://seriesgraph.com/show/45501-love-chunibyo-other-delusions","Love, Chunibyo & Other Delusions!","2","13","7.4","https://image.tmdb.org/t/p/w400/1IapEqydEiGO0gCgBPVexTFbUCS.jpg"
"https://seriesgraph.com/show/97186-love-victor","Love, Victor","3","10","7.9","https://image.tmdb.org/t/p/w400/pcT1vivabBnBk0tZgVBO1I8aK75.jpg"
"https://seriesgraph.com/show/1426-luther","Luther","5","6","8.4","https://image.tmdb.org/t/p/w400/hDxOMX8zzH1FiqKWVBzNaYGBkle.jpg"
"https://seriesgraph.com/show/60930-magnificent-century-ksem","Magnificent Century: Kösem","2","30","6.7","https://image.tmdb.org/t/p/w400/4cSbpfXX9YPMPi1Ggauh7Xm7qmW.jpg"
"https://seriesgraph.com/show/72597-manhunt","Manhunt","2","10","8.1","https://image.tmdb.org/t/p/w400/9ukZcwaqcObmmxxfcIXTgVMvalJ.jpg"
"https://seriesgraph.com/show/60699-marco-polo","Marco Polo","2","10","7.9","https://image.tmdb.org/t/p/w400/syYTHCBvFlobr8eJjQMKAjrn9yV.jpg"
"https://seriesgraph.com/show/115004-mare-of-easttown","Mare of Easttown","2","7","8.4","https://image.tmdb.org/t/p/w400/78aK4Msbr22A5PGa6PZV0pAvdwf.jpg"
"https://seriesgraph.com/show/221851-marry-my-husband","Marry My Husband","","16","7.8","https://image.tmdb.org/t/p/w400/899KcBqooj8nEyPcAEU3h7AdfUo.jpg"
"https://seriesgraph.com/show/138505-marvel-zombies","Marvel Zombies","2","4","7.0","https://image.tmdb.org/t/p/w400/mwKj9ERGFXsWot0nXgQ5yMQf9I7.jpg"
"https://seriesgraph.com/show/61550-marvels-agent-carter","Marvel's Agent Carter","2","10","7.8","https://image.tmdb.org/t/p/w400/7kqIsjjDMZA5GRMH5VCdQYZJqc6.jpg"
"https://seriesgraph.com/show/67466-marvels-runaways","Marvel's Runaways","3","13","6.8","https://image.tmdb.org/t/p/w400/hnHEhbzh0F7kN3Ah1lzRjtQuW16.jpg"
"https://seriesgraph.com/show/12965-mara-la-del-barrio","María la del Barrio","","185","7.3","https://image.tmdb.org/t/p/w400/xGMquh71mh3w3QzUrl1AhCniHys.jpg"
"https://seriesgraph.com/show/64254-master-of-none","Master of None","3","10","8.2","https://image.tmdb.org/t/p/w400/AcJM86PhgHAfbrF4dMKBaqO3cHV.jpg"
"https://seriesgraph.com/show/3470-masters-of-horror","Masters of Horror","2","13","7.4","https://image.tmdb.org/t/p/w400/vgTy1Lfi5P1yD7ZvsuoPKYvxwzv.jpg"
"https://seriesgraph.com/show/46518-masters-of-the-air","Masters of the Air","1","9","7.8","https://image.tmdb.org/t/p/w400/rSAmgcoA74371rplbqM27yVsd3y.jpg"
"https://seriesgraph.com/show/207863-mayfair-witches","Mayfair Witches","3","8","6.2","https://image.tmdb.org/t/p/w400/eDl1veju2Hf3tyFmGAedtGXb9Yv.jpg"
"https://seriesgraph.com/show/19253-mazinger-z","Mazinger Z","","92","7.8","https://image.tmdb.org/t/p/w400/woGUtAdRwjzWgobGvF3ebW1WsKY.jpg"
"https://seriesgraph.com/show/66761-medici-masters-of-florence","Medici: Masters of Florence","3","8","7.8","https://image.tmdb.org/t/p/w400/vFtsI6Nk3cy2l4LGoh1aFRZKaQ7.jpg"
"https://seriesgraph.com/show/79818-meteor-garden","Meteor Garden","","50","7.8","https://image.tmdb.org/t/p/w400/8yhIaFcLHBPppaeY1iu9GzHtaqf.jpg"
"https://seriesgraph.com/show/78950-miracle-workers","Miracle Workers","4","10","7.1","https://image.tmdb.org/t/p/w400/uF1xaklzom7wmnmUsR1ORU5NmEL.jpg"
"https://seriesgraph.com/show/31295-misfits","Misfits","5","8","8.1","https://image.tmdb.org/t/p/w400/pkGPHO7WxViedkOm6Xy1aWSS36l.jpg"
"https://seriesgraph.com/show/117378-mouse","Mouse","","22","8.6","https://image.tmdb.org/t/p/w400/qz0axqEwwIa5uaMsUYKGs9u29ut.jpg"
"https://seriesgraph.com/show/81358-mr-inbetween","Mr Inbetween","3","11","8.7","https://image.tmdb.org/t/p/w400/1FkONly4j7hxi6Pz5CmuhRN1Ops.jpg"
"https://seriesgraph.com/show/2530-mr-bean-the-animated-series","Mr. Bean: The Animated Series","6","52","6.9","https://image.tmdb.org/t/p/w400/1V2PSez4pNZ9a4Bbomm7KZiQJ44.jpg"
"https://seriesgraph.com/show/108261-mr-queen","Mr. Queen","","20","8.5","https://image.tmdb.org/t/p/w400/ozuyMnOO5pekDklyPpUL1Htkuzy.jpg"
"https://seriesgraph.com/show/92967-mucize-doktor","Mucize Doktor","2","36","7.0","https://image.tmdb.org/t/p/w400/29ifz2K8kqZD6eb2sTKBP9Hlc3N.jpg"
"https://seriesgraph.com/show/241554-murderbot","Murderbot","2","10","7.4","https://image.tmdb.org/t/p/w400/mIKfKo2uDk3itzAPYIcSeYr4KtF.jpg"
"https://seriesgraph.com/show/72296-my-first-girlfriend-is-a-gal","My First Girlfriend Is a Gal","1","11","6.2","https://image.tmdb.org/t/p/w400/j7EPg0hgtlMShzhCGcxDj4pvwNK.jpg"
"https://seriesgraph.com/show/199001-my-life-with-the-walter-boys","My Life with the Walter Boys","3","10","6.8","https://image.tmdb.org/t/p/w400/jg3YdxDNlxay0NWTxgAPif647Hj.jpg"
"https://seriesgraph.com/show/62565-my-love-story","My Love Story!!","","24","7.7","https://image.tmdb.org/t/p/w400/oKvrM8WVOGcSSwIKFfsAxIuk6Nx.jpg"
"https://seriesgraph.com/show/110356-my-name","My Name","1","8","7.8","https://image.tmdb.org/t/p/w400/gHozOomiA24DvlgNfjkYCB5NBiO.jpg"
"https://seriesgraph.com/show/94951-mythic-quest","Mythic Quest","4","11","7.7","https://image.tmdb.org/t/p/w400/7QxQlpqEjx3vRpEtuh6Y0R6eY9O.jpg"
"https://seriesgraph.com/show/1600-neds-declassified-school-survival-guide","Ned's Declassified School Survival Guide","3","21","7.4","https://image.tmdb.org/t/p/w400/3kUXoJFmj6vOdmqMMoiYZj0eY2F.jpg"
"https://seriesgraph.com/show/202284-ninja-kamui","Ninja Kamui","1","13","7.0","https://image.tmdb.org/t/p/w400/A7mYSloFonDcQtHTqyLqEg9rIkh.jpg"
"https://seriesgraph.com/show/62640-nisekoi","Nisekoi","2","20","7.2","https://image.tmdb.org/t/p/w400/vYfnw5eRLrne4ZLDaRdHgvGyys7.jpg"
"https://seriesgraph.com/show/85273-nos4a2","NOS4A2","2","10","6.6","https://image.tmdb.org/t/p/w400/gnosVTTRTCqooJuipwU6C0bgOGf.jpg"
"https://seriesgraph.com/show/92830-obi-wan-kenobi","Obi-Wan Kenobi","1","6","7.0","https://image.tmdb.org/t/p/w400/4Lok3HBSfbQxibQZBygoVCwKKrZ.jpg"
"https://seriesgraph.com/show/66958-orange","Orange","1","13","7.7","https://image.tmdb.org/t/p/w400/6GGkAhfjZy9rOvUD7K927vnltZA.jpg"
"https://seriesgraph.com/show/113985-outer-range","Outer Range","2","8","7.1","https://image.tmdb.org/t/p/w400/9leGmIDamsWJELYz0pZkr2EXUFf.jpg"
"https://seriesgraph.com/show/11250-pasin-de-gavilanes","Pasión de Gavilanes","2","188","7.8","https://image.tmdb.org/t/p/w400/91UV7pNcDPhIzJl7EuK36sK5vRG.jpg"
"https://seriesgraph.com/show/815-peep-show","Peep Show","9","6","8.7","https://image.tmdb.org/t/p/w400/6rdoQ0cTjsEQLIwEjhBV8U98oUm.jpg"
"https://seriesgraph.com/show/54671-penny-dreadful","Penny Dreadful","3","10","8.2","https://image.tmdb.org/t/p/w400/hQSdrXBYTbLGHYDIseHkBOPXTgL.jpg"
"https://seriesgraph.com/show/79588-pennyworth-the-origin-of-batmans-butler","Pennyworth: The Origin of Batman's Butler","3","10","7.8","https://image.tmdb.org/t/p/w400/mEHMfWe7pCWMelEkdrtRvVULopT.jpg"
"https://seriesgraph.com/show/79084-pose","POSE","3","10","8.6","https://image.tmdb.org/t/p/w400/5f23i30nFJz0nrd3DGheOCqXa2P.jpg"
"https://seriesgraph.com/show/64230-preacher","Preacher","4","13","7.9","https://image.tmdb.org/t/p/w400/ey1WQajA25E5sFGHSApcqSWUSEc.jpg"
"https://seriesgraph.com/show/95171-prehistoric-planet","Prehistoric Planet","3","5","8.4","https://image.tmdb.org/t/p/w400/9yjWMmYWQSDY2eelHECQcwSL816.jpg"
"https://seriesgraph.com/show/156933-presumed-innocent","Presumed Innocent","2","8","7.7","https://image.tmdb.org/t/p/w400/7MXg0BxuSRWz2yKc03M40du2mrc.jpg"
"https://seriesgraph.com/show/10268-primeval","Primeval","5","10","7.2","https://image.tmdb.org/t/p/w400/pjRhnncEnTT8T5YsLbTb0A4msuQ.jpg"
"https://seriesgraph.com/show/64706-prison-school","Prison School","1","12","7.5","https://image.tmdb.org/t/p/w400/tqtd72674k19IfGYJ2wdGJGvXX.jpg"
"https://seriesgraph.com/show/39218-puella-magi-madoka-magica","Puella Magi Madoka Magica","1","12","8.2","https://image.tmdb.org/t/p/w400/9Leopb4OB9j9FkP5JNHRZZlPPdg.jpg"
"https://seriesgraph.com/show/5639-pushing-daisies","Pushing Daisies","3","13","8.4","https://image.tmdb.org/t/p/w400/oSRO8cGvve0pggPK9gHGItfl4j5.jpg"
"https://seriesgraph.com/show/66676-queen-of-the-south","Queen of the South","5","13","8.0","https://image.tmdb.org/t/p/w400/rzdC5EHkkKJE6OPVdh6gT1pR1c9.jpg"
"https://seriesgraph.com/show/85723-raised-by-wolves","Raised by Wolves","2","10","7.4","https://image.tmdb.org/t/p/w400/mTvSVKMn2Npf6zvYNbGMJnYLtvp.jpg"
"https://seriesgraph.com/show/114868-record-of-ragnarok","Record of Ragnarok","3","15","6.6","https://image.tmdb.org/t/p/w400/t6GEKms3JgLhC6pXjFHhDvPP65y.jpg"
"https://seriesgraph.com/show/657-rockos-modern-life","Rocko's Modern Life","4","13","7.9","https://image.tmdb.org/t/p/w400/ydi5M4Dq10Doi9PPkkN95T8ao7Z.jpg"
"https://seriesgraph.com/show/74428-rosario-tijeras-mexico","Rosario Tijeras (Mexico)","4","70","6.3","https://image.tmdb.org/t/p/w400/q03eQL8AUx49lVH6IT3IlmWzhQu.jpg"
"https://seriesgraph.com/show/77696-run-bts","Run BTS!","4","99","9.2","https://image.tmdb.org/t/p/w400/xi6fnObkhQI7onZWeSB9rA80Abs.jpg"
"https://seriesgraph.com/show/69346-saga-of-tanya-the-evil","Saga of Tanya the Evil","2","12","7.6","https://image.tmdb.org/t/p/w400/5nwiHomKZBBF9DLrolfZapi3fDm.jpg"
"https://seriesgraph.com/show/61339-sailor-moon-crystal","Sailor Moon Crystal","3","13","7.8","https://image.tmdb.org/t/p/w400/mVXlsNJw4fxD2UWNzaUh2TFfI5c.jpg"
"https://seriesgraph.com/show/90855-saint-seiya-knights-of-the-zodiac","SAINT SEIYA: Knights of the Zodiac","3","12","4.7","https://image.tmdb.org/t/p/w400/yzfjuIkWzO0ImMEgg9fMHDzR3JP.jpg"
"https://seriesgraph.com/show/45666-sam-cat","Sam & Cat","","35","5.8","https://image.tmdb.org/t/p/w400/8zL3NVH0owqVDxKvlnG3Df5aWuT.jpg"
"https://seriesgraph.com/show/1063-samurai-champloo","Samurai Champloo","","26","8.5","https://image.tmdb.org/t/p/w400/lYpHeSm7BcUxAbBx1ucuEH7oGAe.jpg"
"https://seriesgraph.com/show/69470-santa-clarita-diet","Santa Clarita Diet","3","10","7.8","https://image.tmdb.org/t/p/w400/5rBjNm2sRubaXKBnU904NInFi7P.jpg"
"https://seriesgraph.com/show/66433-scarlet-heart-ryeo","Scarlet Heart: Ryeo","","21","8.6","https://image.tmdb.org/t/p/w400/pjdPGHqUe60ZGQJR1TItVNaV4it.jpg"
"https://seriesgraph.com/show/6005-scooby-doo-and-scrappy-doo","Scooby-Doo and Scrappy-Doo","5","16","6.3","https://image.tmdb.org/t/p/w400/ctxdYzdqSlrfKrqEo3bLSrrMLSP.jpg"
"https://seriesgraph.com/show/926-scooby-doo-where-are-you","Scooby-Doo, Where Are You!","2","17","7.9","https://image.tmdb.org/t/p/w400/lTzUSCtXR77CmGmEHcaxpxu2b4h.jpg"
"https://seriesgraph.com/show/155292-scott-pilgrim-takes-off","Scott Pilgrim Takes Off","1","8","7.7","https://image.tmdb.org/t/p/w400/nHROk2C6bv8LqtvyYd0tCMURbxC.jpg"
"https://seriesgraph.com/show/62046-scream-queens","Scream Queens","2","13","7.1","https://image.tmdb.org/t/p/w400/yeayXZYSU8xdmC8i5g5jTdxeggp.jpg"
"https://seriesgraph.com/show/62823-scream-the-tv-series","Scream: The TV Series","3","13","7.0","https://image.tmdb.org/t/p/w400/cTRUcUnAydqboYfis0IhhY1edDt.jpg"
"https://seriesgraph.com/show/114472-secret-invasion","Secret Invasion","1","6","5.8","https://image.tmdb.org/t/p/w400/f5ZMzzCvt2IzVDxr54gHPv9jlC9.jpg"
"https://seriesgraph.com/show/261579-secret-level","Secret Level","2","15","7.3","https://image.tmdb.org/t/p/w400/856MRq23grNxpeVl1PdFgmmLiT0.jpg"
"https://seriesgraph.com/show/62255-seraph-of-the-end","Seraph of the End","3","12","7.4","https://image.tmdb.org/t/p/w400/5IlxL2PfQ8CyY4TLRru9TcU56b3.jpg"
"https://seriesgraph.com/show/88055-servant","Servant","4","10","7.4","https://image.tmdb.org/t/p/w400/plsSSobmPSSz4hm8vYMXeIVkJJP.jpg"
"https://seriesgraph.com/show/85720-shadow-and-bone","Shadow and Bone","2","8","7.5","https://image.tmdb.org/t/p/w400/mS9O9mjPlwpLTne4JgQlDkgREWA.jpg"
"https://seriesgraph.com/show/104699-shaman-king","SHAMAN KING","","53","6.9","https://image.tmdb.org/t/p/w400/my6AEDKL6NfJYOLZg5g71D3PBe2.jpg"
"https://seriesgraph.com/show/40143-shaman-king","Shaman King","","64","8.0","https://image.tmdb.org/t/p/w400/bDJLF92frEmKSr1OlCZN5P1kx6W.jpg"
"https://seriesgraph.com/show/70453-sharp-objects","Sharp Objects","1","8","8.0","https://image.tmdb.org/t/p/w400/1SGovj2qDdkJexvhFiXllj9EYfu.jpg"
"https://seriesgraph.com/show/92783-she-hulk-attorney-at-law","She-Hulk: Attorney at Law","1","9","5.2","https://image.tmdb.org/t/p/w400/5xz2orV8f0usyrfGNshcoXHmiaV.jpg"
"https://seriesgraph.com/show/79732-she-ra-and-the-princesses-of-power","She-Ra and the Princesses of Power","5","13","8.1","https://image.tmdb.org/t/p/w400/y6YLtlnV5FGh3Mhs5SUc80IQSV5.jpg"
"https://seriesgraph.com/show/71886-siren","Siren","3","16","7.0","https://image.tmdb.org/t/p/w400/k906XXqqFMT93v2WMkIOtUcEAlV.jpg"
"https://seriesgraph.com/show/65784-slasher","Slasher","5","8","6.8","https://image.tmdb.org/t/p/w400/A4j6zNyypLbsn0vJfrajlgNazc5.jpg"
"https://seriesgraph.com/show/115577-sonic-prime","Sonic Prime","3","8","7.2","https://image.tmdb.org/t/p/w400/mlDVnjgx89bmGvtXnKYDbowpadV.jpg"
"https://seriesgraph.com/show/32218-soy-tu-duea","Soy tu dueña","","146","7.3","https://image.tmdb.org/t/p/w400/6Ey5MIVKGDXPo4TMZy2FkB7FxUH.jpg"
"https://seriesgraph.com/show/387-spongebob-squarepants","SpongeBob SquarePants","16","26","8.2","https://image.tmdb.org/t/p/w400/5h0EU2lqBb03dp5vtRuUHJwqzem.jpg"
"https://seriesgraph.com/show/5148-stargate-universe","Stargate Universe","2","20","7.6","https://image.tmdb.org/t/p/w400/dHOaOZGUhnoRXeK9mhYeSRPh59H.jpg"
"https://seriesgraph.com/show/103768-sweet-tooth","Sweet Tooth","3","8","7.7","https://image.tmdb.org/t/p/w400/rgMfhcrVZjuy5b7Pn0KzCRCEnMX.jpg"
"https://seriesgraph.com/show/65708-taboo","Taboo","1","8","8.3","https://image.tmdb.org/t/p/w400/om1wVOuEtwH3krHutIWO9sJzkS5.jpg"
"https://seriesgraph.com/show/228305-task","Task","1","7","7.9","https://image.tmdb.org/t/p/w400/9JdL1aQdAQiyYYQ2xCqbHaEcZt8.jpg"
"https://seriesgraph.com/show/114479-the-acolyte","The Acolyte","1","8","4.3","https://image.tmdb.org/t/p/w400/fW2nOB5EXEOh64qufAxeW4AU3AB.jpg"
"https://seriesgraph.com/show/14009-the-addams-family","The Addams Family","2","34","8.0","https://image.tmdb.org/t/p/w400/twfSYEw4cp5KS9HaxSLh6Q0Bmi6.jpg"
"https://seriesgraph.com/show/71769-the-alienist","The Alienist","2","10","7.7","https://image.tmdb.org/t/p/w400/zUd4RPbfHuB1zIG2iNI5bdZcQo3.jpg"
"https://seriesgraph.com/show/33623-the-avengers-earths-mightiest-heroes","The Avengers: Earth's Mightiest Heroes","2","26","8.3","https://image.tmdb.org/t/p/w400/r1JDhMrqCOZKh7lc0vQlRYQ46cE.jpg"
"https://seriesgraph.com/show/4743-the-boarding-school","The Boarding School","7","15","8.1","https://image.tmdb.org/t/p/w400/eijsq0ZTpQkjMXNkTI1R2v0hNjF.jpg"
"https://seriesgraph.com/show/33025-the-borgias","The Borgias","3","10","7.9","https://image.tmdb.org/t/p/w400/y6CHDkNDhswuaqwQEC0wgC7MMox.jpg"
"https://seriesgraph.com/show/152483-the-boys-presents-diabolical","The Boys Presents: Diabolical","1","8","6.8","https://image.tmdb.org/t/p/w400/kZKfZWwFOAicgoKS2IO7oM1GuHZ.jpg"
"https://seriesgraph.com/show/123192-the-crowded-room","The Crowded Room","1","10","7.7","https://image.tmdb.org/t/p/w400/vRmopCFp0j1eJGbILLsYsYzxmL8.jpg"
"https://seriesgraph.com/show/103786-the-cuphead-show","The Cuphead Show!","3","13","7.4","https://image.tmdb.org/t/p/w400/l6nGUyxKCi7ODvyfc8qQShliVEd.jpg"
"https://seriesgraph.com/show/71809-the-dark-crystal-age-of-resistance","The Dark Crystal: Age of Resistance","1","10","8.4","https://image.tmdb.org/t/p/w400/xnMJ7mBC8Jx4emaj7TE4TU0Qm92.jpg"
"https://seriesgraph.com/show/65817-the-deuce","The Deuce","3","9","8.1","https://image.tmdb.org/t/p/w400/tKFUwmue5g45rthZOyYWd7l931y.jpg"
"https://seriesgraph.com/show/67676-the-disastrous-life-of-saiki-k","The Disastrous Life of Saiki K.","3","120","8.3","https://image.tmdb.org/t/p/w400/tpym31HVeQgenaubvCxkMF3kFHy.jpg"
"https://seriesgraph.com/show/49010-the-fall","The Fall","3","6","8.1","https://image.tmdb.org/t/p/w400/fm7nN3nUADA7JGgnFNlOWpXn1tf.jpg"
"https://seriesgraph.com/show/35753-the-familiar-of-zero","The Familiar of Zero","1","13","6.9","https://image.tmdb.org/t/p/w400/edpG7IAoHtEfQ2XMMjcpBarlOF4.jpg"
"https://seriesgraph.com/show/236-the-flash","The Flash","","21","7.1","https://image.tmdb.org/t/p/w400/fi1GEdCbyWRDHpyJcB25YYK7fh4.jpg"
"https://seriesgraph.com/show/236235-the-gentlemen","The Gentlemen","2","8","8.0","https://image.tmdb.org/t/p/w400/tw3tzfXaSpmUZIB8ZNqNEGzMBCy.jpg"
"https://seriesgraph.com/show/99778-the-god-of-high-school","The God of High School","1","13","7.2","https://image.tmdb.org/t/p/w400/lfa79lR34s6eyNkKjqC76uQEihh.jpg"
"https://seriesgraph.com/show/67557-the-grand-tour","The Grand Tour","7","14","8.7","https://image.tmdb.org/t/p/w400/3Pcqu6QliBWJ8vsOVClVLddPnZw.jpg"
"https://seriesgraph.com/show/72844-the-haunting-of-hill-house","The Haunting of Hill House","1","10","8.5","https://image.tmdb.org/t/p/w400/38PkhBGRQtmVx2drvPik3F42qHO.jpg"
"https://seriesgraph.com/show/48462-the-heirs","The Heirs","","20","7.5","https://image.tmdb.org/t/p/w400/n4RX9QVXjHbMB31TDWqqRLjshgu.jpg"
"https://seriesgraph.com/show/80169-the-house-of-flowers","The House of Flowers","3","13","7.5","https://image.tmdb.org/t/p/w400/zAIp0cT4Hy6faiPYcOPl1VsuGR.jpg"
"https://seriesgraph.com/show/2490-the-it-crowd","The IT Crowd","4","6","8.5","https://image.tmdb.org/t/p/w400/qZXkBoOUYzvKI4UCMzDQ5kqWHjh.jpg"
"https://seriesgraph.com/show/154521-the-kardashians","The Kardashians","7","11","4.5","https://image.tmdb.org/t/p/w400/pLeSPrwEmxwaV1vqzdVfAgnUvXc.jpg"
"https://seriesgraph.com/show/61888-the-last-man-on-earth","The Last Man on Earth","4","18","7.4","https://image.tmdb.org/t/p/w400/vONS5oceFmM93hsS3q3mvQ1iBC3.jpg"
"https://seriesgraph.com/show/6673-the-marvelous-misadventures-of-flapjack","The Marvelous Misadventures of Flapjack","3","34","7.8","https://image.tmdb.org/t/p/w400/8dpk0bjBgX93ZkQxEI1daNSj3OW.jpg"
"https://seriesgraph.com/show/4459-the-muppet-show","The Muppet Show","5","24","8.4","https://image.tmdb.org/t/p/w400/x1aZsosXqaCpZTI12lLpNYIj6HX.jpg"
"https://seriesgraph.com/show/4625-the-new-batman-adventures","The New Batman Adventures","2","13","8.4","https://image.tmdb.org/t/p/w400/s40Ji11SBKaEYDgJmDc0ifklM59.jpg"
"https://seriesgraph.com/show/82104-the-order","The Order","2","10","6.7","https://image.tmdb.org/t/p/w400/yMPjmuSd5Fac8YMNOwofGALQWjR.jpg"
"https://seriesgraph.com/show/84661-the-outsider","The Outsider","1","10","7.6","https://image.tmdb.org/t/p/w400/aMiPwPQjQI1EZN3xP2V0sSU37dc.jpg"
"https://seriesgraph.com/show/16997-the-pacific","The Pacific","1","10","8.3","https://image.tmdb.org/t/p/w400/x9Y1IMFdY8Ma222KcQadFEau0EB.jpg"
"https://seriesgraph.com/show/194764-the-penguin","The Penguin","1","8","8.6","https://image.tmdb.org/t/p/w400/vOWcqC4oDQws1doDWLO7d3dh5qc.jpg"
"https://seriesgraph.com/show/95403-the-peripheral","The Peripheral","1","8","7.5","https://image.tmdb.org/t/p/w400/2e5NNQu9B1fXBNllRj8fzysCguP.jpg"
"https://seriesgraph.com/show/83097-the-promised-neverland","The Promised Neverland","2","12","8.1","https://image.tmdb.org/t/p/w400/oBgRCpAbtMpk1v8wfdsIph7lPQE.jpg"
"https://seriesgraph.com/show/80213-the-purge","The Purge","2","10","6.6","https://image.tmdb.org/t/p/w400/9CaS2XFd0Db42grzzVBnWcSkrbg.jpg"
"https://seriesgraph.com/show/210916-the-recruit","The Recruit","2","8","7.4","https://image.tmdb.org/t/p/w400/mLbFg0u2DPYuB5CILzwWk3kdI8b.jpg"
"https://seriesgraph.com/show/83095-the-rising-of-the-shield-hero","The Rising of the Shield Hero","4","25","7.7","https://image.tmdb.org/t/p/w400/yjq2n0agGJfmZQ9NpbYIhuBofcq.jpg"
"https://seriesgraph.com/show/64122-the-shannara-chronicles","The Shannara Chronicles","2","10","7.1","https://image.tmdb.org/t/p/w400/yzoaoBSMww5D22Kfrd2LEJumIzl.jpg"
"https://seriesgraph.com/show/3854-the-spectacular-spider-man","The Spectacular Spider-Man","2","13","8.4","https://image.tmdb.org/t/p/w400/dCNxOhXT7c4lqYuRpdM3m8s9XDp.jpg"
"https://seriesgraph.com/show/15079-the-suite-life-on-deck","The Suite Life on Deck","3","28","6.4","https://image.tmdb.org/t/p/w400/1qfSlnVLvgWqV4XlFB8YNvtKTSy.jpg"
"https://seriesgraph.com/show/120911-the-terminal-list","The Terminal List","2","8","7.9","https://image.tmdb.org/t/p/w400/jbyaKYNexl1poKZnEmB6Qobn60s.jpg"
"https://seriesgraph.com/show/75191-the-terror","The Terror","3","10","7.8","https://image.tmdb.org/t/p/w400/bKkOcso0YuCBK7dixkn3VSd0dUr.jpg"
"https://seriesgraph.com/show/83135-the-twilight-zone","The Twilight Zone","2","10","6.1","https://image.tmdb.org/t/p/w400/aEuzZqJTEH9E4JwQyv8JtuCu22B.jpg"
"https://seriesgraph.com/show/194583-the-walking-dead-dead-city","The Walking Dead: Dead City","3","8","7.0","https://image.tmdb.org/t/p/w400/wq3vuQzQgbS83zX3malAFWMsSwX.jpg"
"https://seriesgraph.com/show/206586-the-walking-dead-the-ones-who-live","The Walking Dead: The Ones Who Live","1","6","7.7","https://image.tmdb.org/t/p/w400/ywbacot78IuNhGW4uVZPxxxVTkm.jpg"
"https://seriesgraph.com/show/112160-the-way-of-the-househusband","The Way of the Househusband","2","10","7.3","https://image.tmdb.org/t/p/w400/p63rAZt0s8kedJtdxGwD5VYZafc.jpg"
"https://seriesgraph.com/show/218589-those-about-to-die","Those About to Die","1","10","6.7","https://image.tmdb.org/t/p/w400/gvz0m4MJ8sAj6yMcQdwN07bNjRY.jpg"
"https://seriesgraph.com/show/1988-thundercats","ThunderCats","4","65","7.9","https://image.tmdb.org/t/p/w400/6TO2Ma9S6lhlZaXRNH7OVuPwh0U.jpg"
"https://seriesgraph.com/show/90296-tokyo-vice","Tokyo Vice","2","10","8.1","https://image.tmdb.org/t/p/w400/za5QWRfCLwgRLLVXUkx3NUSAm6G.jpg"
"https://seriesgraph.com/show/100049-tonikawa-over-the-moon-for-you","TONIKAWA: Over the Moon for You","2","16","7.7","https://image.tmdb.org/t/p/w400/jJKTrIfZKoFV66HGMzSa4tkObK0.jpg"
"https://seriesgraph.com/show/4232-top-cat","Top Cat","","30","7.1","https://image.tmdb.org/t/p/w400/hnWYwPE7nwqAD1OGLEEXyML5LaH.jpg"
"https://seriesgraph.com/show/42916-toradora","Toradora!","","25","7.9","https://image.tmdb.org/t/p/w400/gUE1zdXPkEBdEUtmJ2rkcGON41s.jpg"
"https://seriesgraph.com/show/32910-transformers-prime","Transformers: Prime","3","26","8.1","https://image.tmdb.org/t/p/w400/ilOKsGRHYc78R2tSMusAd3xGJWq.jpg"
"https://seriesgraph.com/show/26453-trigun","TRIGUN","","26","8.2","https://image.tmdb.org/t/p/w400/lwLFZFB3S2PeOLtWksaWerF6B4D.jpg"
"https://seriesgraph.com/show/68267-trollhunters-tales-of-arcadia","Trollhunters: Tales of Arcadia","3","26","8.4","https://image.tmdb.org/t/p/w400/gF03zm8x9B10QyPZyzc8Vgc8lqx.jpg"
"https://seriesgraph.com/show/111819-tsukimichi-moonlit-fantasy","TSUKIMICHI -Moonlit Fantasy-","2","25","7.7","https://image.tmdb.org/t/p/w400/7XQ2dMEARAdUZQscnIJFPI54q3r.jpg"
"https://seriesgraph.com/show/66078-twin-star-exorcists","Twin Star Exorcists","","50","7.0","https://image.tmdb.org/t/p/w400/dbGtsHEuV8zREyMEXmf5YFtUZyL.jpg"
"https://seriesgraph.com/show/133748-twisted-metal","Twisted Metal","3","12","7.3","https://image.tmdb.org/t/p/w400/zMwMClR9y7RBeVWMEmNn8LwUJHz.jpg"
"https://seriesgraph.com/show/91275-unbelievable","Unbelievable","1","8","8.3","https://image.tmdb.org/t/p/w400/jHOrNJNM03Lsjdw7nsw7TlqBOhd.jpg"
"https://seriesgraph.com/show/248852-untamed","UNTAMED","2","6","7.1","https://image.tmdb.org/t/p/w400/tclYY8RGieQwkJXDxZGf505Zybr.jpg"
"https://seriesgraph.com/show/98986-uzaki-chan-wants-to-hang-out","Uzaki-chan Wants to Hang Out!","2","13","6.8","https://image.tmdb.org/t/p/w400/kg7PD9mqKUlJulKTeHzVwHAKqqR.jpg"
"https://seriesgraph.com/show/21494-v","V","2","13","6.8","https://image.tmdb.org/t/p/w400/b2w3vq0uvfmahS6dB41WeWByhVy.jpg"
"https://seriesgraph.com/show/92983-vagabond","Vagabond","","16","8.1","https://image.tmdb.org/t/p/w400/8Sud9wqG7WZMXesZhPZ4lergRvp.jpg"
"https://seriesgraph.com/show/126725-velma","Velma","2","11","1.6","https://image.tmdb.org/t/p/w400/zxkNhuPSHeDv3yA7sFu2RuEOGgR.jpg"
"https://seriesgraph.com/show/88803-vinland-saga","Vinland Saga","2","24","8.8","https://image.tmdb.org/t/p/w400/vUHlpA5c1NXkds59reY3HMb4Abs.jpg"
"https://seriesgraph.com/show/75214-violet-evergarden","Violet Evergarden","1","13","8.4","https://image.tmdb.org/t/p/w400/61EwFPqc0r1uJo6la49J55F8bQ8.jpg"
"https://seriesgraph.com/show/61720-violetta","Violetta","3","80","5.6","https://image.tmdb.org/t/p/w400/b3MUGJeKakAZwQa7lNJxTP1pJmD.jpg"
"https://seriesgraph.com/show/79788-watchmen","Watchmen","1","9","8.2","https://image.tmdb.org/t/p/w400/m8rWq3j73ZGhDuSCZWMMoE9ePH1.jpg"
"https://seriesgraph.com/show/53425-wayward-pines","Wayward Pines","2","10","7.3","https://image.tmdb.org/t/p/w400/mK9MowBCPEn7RbsDXqN0MxyPc4.jpg"
"https://seriesgraph.com/show/4331-wonder-woman","Wonder Woman","3","24","7.0","https://image.tmdb.org/t/p/w400/7vHxWO6ahByDWzWufFL48MXaktT.jpg"
"https://seriesgraph.com/show/138502-x-men-97","X-Men '97","3","10","8.7","https://image.tmdb.org/t/p/w400/9Ycz7yYRf9V4jk3YXwcZhFtbNcF.jpg"
"https://seriesgraph.com/show/36250-xxxholic","xxxHOLiC","2","25","7.6","https://image.tmdb.org/t/p/w400/5yY74hwLcG5rQSe6cEUW3HjO3J9.jpg"
"https://seriesgraph.com/show/125910-young-royals","Young Royals","3","6","8.2","https://image.tmdb.org/t/p/w400/AuA5iFDdNTBrEqmnW2cWTHUr8sI.jpg"
"https://seriesgraph.com/show/86430-your-honor","Your Honor","2","10","7.6","https://image.tmdb.org/t/p/w400/1rWWgTEDFdV330aLgCoaq7I56lk.jpg"
"https://seriesgraph.com/show/288-mucha-lucha","¡Mucha Lucha!","3","22","5.8","https://image.tmdb.org/t/p/w400/w12B6di7moo2otX4X4y3y3gKagz.jpg"
